gene,functional_category,LOEUF,betweenness_centrality,tau,tissue_breadth,max_tpm,kegg_pathway_count,skin_log,nonskin_mean,skin_z,skin_rank,is_skin_top,pbs1_african,pbs3_melanesian,pi_african,pi_melanesian,cohort
OCA2,Pigment-specific,0.856,0.001296,0.7309139711925808,21.0,10.5279,0.0,3.0166549862309915,0.9452411535712819,2.239694049652035,4.0,False,0.0778150470850092,0.101019801432747,0.0012365468772925,0.0008347679047104,peripheral
DCT,Pigment-specific,1.174,0.001615,0.8592651465777502,9.0,24.2014,3.0,4.655431976110749,0.5892154664337773,10.577895118292089,1.0,True,0.1172012181550097,0.033855716636449,0.000847532019315,0.000541564523938,peripheral
PMEL,Pigment-specific,1.287,0.0,0.8181029304360931,23.0,38.1522,0.0,5.291021471111602,0.8847214106454176,6.2571148042103495,1.0,True,0.0186524598718329,0.0852062787692938,0.0005306308015249,0.0002978176189758,peripheral
TYRP1,Pigment-specific,1.889,0.000396,0.9013381470241252,8.0,40.8291,3.0,5.386435052001387,0.45228881583200775,6.537038853078518,1.0,True,0.0068363077461884,0.1860992708586603,0.000722675498716,0.0002150991453163,peripheral
MLANA,Pigment-specific,1.952,0.001296,0.915646849235354,2.0,10.0225,0.0,3.462379571841023,0.22945515450427098,24.20531237736827,1.0,True,0.0054778084437959,0.1220887112094574,0.0008400679125613,0.0006559041035522,peripheral
TYR,Pigment-specific,1.964,0.026506,0.9778394804643744,2.0,7.67646,3.0,3.1171065424207907,0.014342383801896492,77.97283945520391,1.0,True,0.0781869918023449,0.0296100574888352,0.001260816092744,0.0009768622951746,mixed
MC1R,Pigment-specific,1.967,0.016532,0.5477161774303536,53.0,53.8772,3.0,2.948423302852905,2.6714182960219026,0.25093870928715567,19.0,False,0.187258877536924,0.0214619143412381,0.0013498188531593,0.0007988754935107,mixed
SOX10,Developmental/NC,0.209,0.0,,,,0.0,,,,,,0.146025409237043,0.1122389024059583,0.0007183817357479,0.0003695487166146,peripheral
TFAP2A,Developmental/NC,0.261,0.039932,0.829341425861262,15.0,63.1613,0.0,6.003631468047915,0.9414186317082099,4.130916969496273,1.0,True,0.3662142520250608,0.256433234258299,0.0006899545507557,0.000311362949404,mixed
KIT,Developmental/NC,0.305,0.067583,0.4595531278010742,46.0,44.4616,11.0,4.846117173336728,3.017042593529045,1.329067378560483,6.0,False,0.0455451879107335,0.0503803435098247,0.0009854546607093,0.0007436307799777,mixed
MITF,Developmental/NC,0.308,0.082398,0.5583900151529573,49.0,70.7649,7.0,3.3704321448861183,2.7617004972195485,0.41497107721602455,15.0,False,0.0267011376000547,0.3001474670837249,0.0006882539568356,0.0002670279197527,mixed
KITLG,Developmental/NC,0.419,0.061606,0.5223200513608139,51.0,65.552,8.0,2.930163929727567,2.8939064172776896,0.027722272357360273,29.0,False,0.5782607786355315,0.1225654632633308,0.0004610990036881,0.0002572032900579,mixed
PAX3,Developmental/NC,0.475,0.0,0.8678073464637484,9.0,4.62526,1.0,1.7076175515299892,0.3095993226034883,2.3414439737838153,4.0,False,0.1072134065271781,0.0635108337978399,0.0007206336703894,0.0008404737539529,peripheral
EDNRB,Developmental/NC,0.593,0.061938,0.3697329775476038,52.0,73.2046,6.0,3.7725930226610287,3.999764575846762,-0.18607559976275995,35.0,False,0.0776198745958166,0.0949000139665544,0.0008631984890454,0.0006059583387971,mixed
EDN1,Developmental/NC,0.635,0.047435,0.4486996531007315,53.0,64.4625,12.0,4.298731621376929,3.3714875774696993,0.9106448664634407,7.0,False,0.155550435466175,0.3363822900816,0.0009730316807953,0.0004076305624302,mixed
PRKCB,Generic signaling,0.081,0.051497,0.6115130886671425,42.0,101.317,73.0,2.345728480649772,2.737979376151454,-0.20739917157226115,26.0,False,0.0779104894742529,0.1089621497548289,0.0011271015209238,0.0008009871025456,core
STAT3,Generic signaling,0.095,0.01151,0.1937772583631622,54.0,172.983,33.0,6.487045730133677,6.006280227114505,0.4858410437046225,24.0,False,0.0775435534562719,0.230112073467531,0.0008258290650978,0.0006197916934255,mixed
PIK3CA,Generic signaling,0.117,0.05303,0.2866992652798074,54.0,23.1876,109.0,3.758569686478324,3.263583961913237,0.5873023897971352,21.0,False,0.2198648775444447,0.1136928849600711,0.0007199459721169,0.000321908344111,core
CTNNB1,Generic signaling,0.129,0.003889,0.2073234667768898,54.0,297.537,34.0,6.900420046624895,6.5210701702458005,0.43942566519535786,23.0,False,0.0996620473895552,0.0343741915110203,0.0005251236483007,0.0003754469437793,mixed
NFKB1,Generic signaling,0.138,0.214664,0.3931426823316505,54.0,98.0008,77.0,4.948825083181327,4.018602040110532,0.8610496016096104,11.0,False,0.1288402986518403,0.0756655833443303,0.0006688612336641,0.0004202491772836,core
PRKCD,Generic signaling,0.171,0.061557,0.3567023624962744,54.0,133.745,17.0,5.628665709768302,4.554477066269517,0.9335375553334834,10.0,False,0.1702421831004001,0.0381653068974442,0.0008132008985249,0.0006807641138654,mixed
MAPK1,Generic signaling,0.175,0.029841,0.2033272712786601,54.0,62.4546,120.0,4.984994851988048,4.774435019456314,0.3777395014705619,17.0,False,0.0651195816538019,0.046198761192142,0.0006275967291874,0.0004730241589977,core
STAT1,Generic signaling,0.187,0.00175,0.4446776618393003,54.0,501.452,29.0,5.097636077275966,5.000982011556957,0.11909181797747269,27.0,False,0.1085320369576916,0.0443335826865035,0.0006433650477972,0.000439518235121,mixed
MAPK8,Generic signaling,0.207,0.026018,0.3440909998610716,54.0,32.1608,75.0,3.3258871835598947,3.343845578387773,-0.02753148672773939,30.0,False,0.1266530292383488,0.1074769508517297,0.0006716376343728,0.0005407019981991,core
JAK1,Generic signaling,0.214,0.009681,0.2041237471036761,54.0,139.896,28.0,6.409161784021587,5.65792208167197,0.9423191109978027,12.0,False,0.0696617477975868,0.0498119153040498,0.0008435602059426,0.0009661506698926,mixed
MAP3K1,Generic signaling,0.214,0.015885,0.4419406408303551,54.0,37.2243,9.0,5.256418176701681,2.9003624192794897,2.5100589076408135,1.0,True,0.1036786136581318,0.1486249062211475,0.0009033251068082,0.0005535602923713,mixed
MAP2K4,Generic signaling,0.22,0.002671,0.2727072212793924,54.0,62.9933,20.0,4.773917227820061,4.376879953351736,0.6848853290823956,10.0,False,0.1597054312551341,0.0179480240604946,0.000478683682022,0.0004602298482048,mixed
CREB1,Generic signaling,0.223,0.076145,0.2655355659132824,54.0,20.6387,43.0,3.622754687420856,3.25186115402297,0.5135992351125226,22.0,False,0.1589094197247767,0.2404098669337408,0.000459896664648,9.362815294789856e-05,core
MAP2K7,Generic signaling,0.232,0.004845,0.1699113629145981,54.0,66.0568,25.0,5.713357643562156,5.03404845897546,1.063925068549656,8.0,False,0.0640221356748592,0.032891592599791,0.0008180511713773,0.0006878351808314,mixed
PRKG1,Generic signaling,0.235,0.010222,0.6256652963686473,49.0,69.3241,11.0,1.544475494566658,2.389362912495694,-0.6009299887026575,34.0,False,0.1471613884642627,0.1027139025492575,0.0012006032577206,0.0006790740401262,mixed
SRC,Generic signaling,0.244,0.00722,0.2896762794889933,54.0,59.3292,45.0,4.2348768138570305,4.232948680849158,0.0016151043491775265,29.0,False,0.2088244567186857,0.1180454758545385,0.0010487830617034,0.0002086333501923,mixed
WNT5A,Generic signaling,0.269,0.0,0.7447462865016217,41.0,128.426,17.0,2.056410117098548,1.7810918748317262,0.2570840319227021,21.0,False,0.0705395093810831,0.0855581353283538,0.0006819543234246,0.0005210150281521,mixed
ATF2,Generic signaling,0.283,0.0,0.2433219258191804,54.0,48.2523,27.0,3.721339845721373,4.293210143148078,-0.8310460036659335,43.0,False,0.2010601905237496,0.2309072773334788,0.0007251487952354,7.39516174954627e-05,mixed
PDPK1,Generic signaling,0.29,0.026079,0.2642246345438654,54.0,34.4443,27.0,4.093678480417575,3.8044282170729717,0.5513168135692847,14.0,False,0.073419165890838,-0.0507698685739022,0.0006462871974641,6.116609577207236e-05,mixed
HIF1A,Generic signaling,0.309,0.007057,0.3841756498617931,54.0,503.882,14.0,5.780630312403448,5.52101422018158,0.2988093284406383,27.0,False,0.4472548913832422,0.4265716366407019,0.000688425770433,0.0001900793151294,mixed
AKT1,Generic signaling,0.315,0.063527,0.1543633389674148,54.0,88.7644,103.0,5.390918704762685,5.494906109984633,-0.1603483308227784,32.0,False,0.10770430388264,0.0204889716946198,0.001045312289061,0.0006899415148256,core
PRKACA,Generic signaling,0.318,0.035949,0.1752776424150963,54.0,143.526,72.0,5.644043727940324,5.953666820608442,-0.45831027970998134,36.0,False,0.1800221134838509,0.4027430893377381,0.0005470067715322,9.430758466301955e-05,core
MAP2K2,Generic signaling,0.325,0.012941,0.1635274355290277,54.0,196.936,80.0,6.625647481565409,6.385417065315116,0.5737220732906259,17.0,False,0.1315976289239848,0.0290680218999518,0.0011043910898866,0.0011094944874345,mixed
GSK3B,Generic signaling,0.334,0.002297,0.2512743251568527,54.0,35.7504,49.0,4.530014541964216,3.8757006598482002,1.3062812850982308,7.0,False,0.1716638572625325,0.0019390788371499,0.0006430719090788,0.0004247756551016,mixed
MAP3K5,Generic signaling,0.34,0.010876,0.405426625609419,54.0,137.493,20.0,3.967140934088683,4.304422037188736,-0.37043649983923643,39.0,False,0.0267656711169135,0.1517279668989642,0.0007827363938493,0.0007609980592642,mixed
ELK1,Generic signaling,0.341,0.005185,0.2939347740193627,54.0,80.1056,15.0,4.362168272942119,4.495829908204181,-0.165034407842785,29.0,False,,,,,mixed
EGFR,Generic signaling,0.349,0.031066,0.4154228890093977,52.0,78.3374,51.0,6.309929213966616,3.5938618576124837,2.056425424773646,1.0,True,0.1004160382812757,0.11162554139541,0.0009337465600791,0.0006606559598105,core
RAF1,Generic signaling,0.354,0.029684,0.1459366958096283,54.0,152.168,84.0,6.768051961361916,6.185386923340494,0.7588500238518117,17.0,False,0.1099221296934844,0.0505932148442927,0.0009588854109275,0.0007945264521778,core
MAP2K6,Generic signaling,0.359,0.011405,0.6672062809446283,40.0,19.0788,24.0,1.2735755656153798,1.520796465064824,-0.3303035215150465,31.0,False,0.0908713958393704,0.0455438823475916,0.0009697421690737,0.0006843525084064,mixed
MAP2K1,Generic signaling,0.377,0.012941,0.2317349049368097,54.0,99.1303,92.0,4.670845999717181,5.144174284807414,-0.775067474472925,44.0,False,0.1918193330655418,0.0322177848359164,0.0006228487330496,0.0006005696612284,mixed
PRKCH,Generic signaling,0.388,0.017467,0.4180947658005437,54.0,30.8358,2.0,4.248990160441303,2.918788960136117,1.3358714189153167,7.0,False,0.1394244849381506,0.0986628727354455,0.0010871628047816,0.0008657311900175,mixed
PRKCZ,Generic signaling,0.4,0.04694,0.6075956731188787,44.0,98.4937,16.0,3.158417820997989,2.7063525021045725,0.26552424505393707,19.0,False,0.1811346592572622,0.1097965972234296,0.001036816876173,0.0008065147990905,mixed
RAC1,Generic signaling,0.467,0.048575,0.1176119316745578,54.0,372.568,56.0,8.171847313573341,7.523386542321471,1.0633841009883986,7.0,False,0.0775603695511489,0.1185673603725638,0.0010725977788505,0.000915212577708,core
MAPK14,Generic signaling,0.473,0.023347,0.2767355928993537,54.0,72.3676,65.0,5.337158024381439,4.470103484292355,0.976696957783369,8.0,False,-0.0070129904474342,0.2256816031759606,0.0007927618694936,0.0003705674164746,core
CDC42,Generic signaling,0.501,0.025653,0.1827155362814205,54.0,227.04,34.0,7.014489200287244,6.384994812717296,0.9484656378458947,8.0,False,0.0745327057249816,0.0739825291227275,0.0005081028396935,0.0002457962672269,core
RPS6KA1,Generic signaling,0.515,0.009025,0.5290872949400542,53.0,180.978,10.0,4.704894091511221,3.6020667040603445,0.7576370726529954,12.0,False,0.1309652044198342,0.1240445011403247,0.0008901209523134,0.0005042014535224,mixed
RAP1A,Generic signaling,0.537,0.024072,0.2949863030646681,54.0,121.123,17.0,4.309758271424635,4.949556861265515,-0.7288141008897867,39.0,False,0.1083495727216836,0.2587548769726846,0.000989442490001,0.0006232186851488,mixed
PAK1,Generic signaling,0.563,0.004659,0.3474731741630341,54.0,161.854,20.0,4.427217289926504,4.861279981532035,-0.40968597496977965,37.0,False,0.1117131657378076,0.0100571157202606,0.0007708403624543,0.0005886430704334,mixed
USF1,Generic signaling,0.585,0.006395,0.2250903969510073,54.0,170.512,0.0,5.817221600325311,5.792962967494536,0.03908760795723784,28.0,False,0.233047751821622,0.0655828475533784,0.0006336011712472,0.000691470807192,mixed
MAPK3,Generic signaling,0.614,0.029841,0.1527580873681111,54.0,123.148,120.0,6.0671611236697816,5.914258605164443,0.1868444437950851,31.0,False,0.0225912927350659,0.3907348907684533,0.0005727527766528,0.0002510196040107,core
FZD3,Generic signaling,0.62,0.001368,0.4963578518362022,44.0,10.4077,18.0,1.3785615618331362,1.8362384716552025,-0.5442858308109114,36.0,False,0.1851034862380742,0.3318729829995763,0.0009231487832412,0.0002101428688645,mixed
FOS,Generic signaling,0.645,0.036119,0.3291752578840359,54.0,1112.22,45.0,10.106275026993156,6.7610838656340775,2.189218036661968,2.0,False,0.1053823196752871,0.0674448264623882,0.0009487518566193,0.0009747705429637,core
MAP2K3,Generic signaling,0.663,0.011405,0.3617869236021418,54.0,171.079,22.0,5.973907406265008,4.7174834105807335,1.1892697269948262,5.0,False,0.0182087555148965,-0.0032756813683663,0.0064636199869731,0.0063112070454995,mixed
RHOA,Generic signaling,0.664,0.001642,0.1623970615972667,54.0,994.224,44.0,8.699405878759721,8.33918555666173,0.4150205432301617,24.0,False,0.2699024938680261,0.1318774697464108,0.0007323274685008,0.0002751970762002,mixed
MAP4K2,Generic signaling,0.689,0.000284,0.3921994992474673,54.0,43.516,1.0,2.9374272599814653,3.404568972834837,-0.5621902616373825,44.0,False,0.1078974959923198,0.1872677542179243,0.0005935632122608,0.0003774239103299,peripheral
HRAS,Generic signaling,0.926,0.030908,0.2120240806441156,54.0,107.711,85.0,6.764354117651741,5.296552942467839,1.9899078281132743,1.0,True,0.0534425854541242,0.049907772904087,0.0014289888282689,0.0014410733437469,core
JUN,Generic signaling,1.02,0.04388,0.2311774049306947,54.0,528.967,56.0,8.597877504601856,6.9390855406724015,1.3603836499114372,7.0,False,0.2702028318673612,0.028395990243087,0.0008732095087163,0.0004546734022157,core
TNFRSF1A,Cytokines/growth factors,0.236,0.079,0.218643890015425,54.0,161.99,35.0,6.704028117280911,5.707866240232773,0.6566457607318751,24.0,False,0.1503583481479012,0.0473079050579587,0.0010586483915089,0.0007690088631514,core
HGF,Cytokines/growth factors,0.25,0.0,0.6166360253956703,36.0,16.0997,17.0,0.6239071181935492,1.6251419328179841,-0.9628870202416209,41.0,False,0.0611398246382101,0.0504079861936654,0.0007068478261599,0.000545175391596,mixed
MET,Cytokines/growth factors,0.305,0.018428,0.4962891031642839,41.0,21.256,25.0,3.3825399911938625,2.2167000235139267,0.9274475588523865,12.0,False,0.117261129685035,0.1149295371881774,0.0004156428912018,0.0004039646481455,mixed
TNF,Cytokines/growth factors,0.487,0.077171,0.9232053495538676,8.0,133.014,67.0,1.4228573156721724,0.6484390420581996,0.7098578360067396,6.0,False,0.0705093085375682,0.0673650406246399,0.0006238250018302,0.000683450524655,core
CSF2,Cytokines/growth factors,0.505,0.012213,0.982630818560471,1.0,1.15807,16.0,0.0,0.037932244585200704,-0.23593879677441565,21.0,False,0.0200204343828851,0.2286738737144968,0.0009570760530412,0.0004127949677108,mixed
IL1R1,Cytokines/growth factors,0.506,0.011306,0.4302893651271853,54.0,188.511,13.0,5.444130328976628,4.266808769709263,0.6489137914544231,16.0,False,0.175126875431446,0.1864234571772188,0.0010568942034915,0.0007953289729684,mixed
NGF,Cytokines/growth factors,0.528,0.006879,0.5772093712668338,43.0,33.4683,9.0,1.220459977328669,2.2386934179974185,-0.7100037054815602,36.0,False,0.1392131777753397,0.164336575665693,0.0010025755785796,0.0006524937640418,mixed
NTRK1,Cytokines/growth factors,0.658,0.006605,0.655030488060085,20.0,5.67394,11.0,0.15592405496722114,1.0274856032660173,-1.19632171017326,51.0,False,0.1557615303529456,0.1203274645211826,0.0008621710003825,0.0004853546230627,mixed
IL6,Cytokines/growth factors,0.753,0.006022,0.7106129202729051,34.0,54.435,51.0,1.521678951603199,1.733556729841828,-0.16421730978888052,25.0,False,0.1702408247127555,0.0792999435063186,0.0011652547088405,0.0008522904132413,mixed
IL6R,Cytokines/growth factors,0.813,0.007851,0.4569028445659999,54.0,67.242,12.0,3.5929592768145993,3.3725637470995724,0.184960243485146,26.0,False,0.1346191513900313,0.0562110819855127,0.0009353599828082,0.0006515103386209,mixed
IL12A,Cytokines/growth factors,0.815,0.001582,0.7041418544271825,23.0,7.35502,25.0,0.3119448078117625,0.9525284387526556,-1.0641496114999967,47.0,False,0.1535147853030286,0.1131201160421233,0.0010830693385242,0.0006399300906719,mixed
IL10,Cytokines/growth factors,1.039,0.000821,0.8431596321678168,12.0,8.84863,23.0,0.20842236717978288,0.5956980260633066,-0.5932619303033044,37.0,False,-0.0162754774800023,0.1710015581407255,0.000701556729154,0.000520156849259,mixed
IL1A,Cytokines/growth factors,1.309,0.009477,0.9254167298632998,5.0,18.273,21.0,1.0934181982492583,0.3732443348259404,0.8747360773882336,5.0,False,0.0989901961591703,0.228265565204108,0.0010419489269211,0.0006873898588869,mixed
IL8,Cytokines/growth factors,1.861,0.000821,0.7497637353989843,,,0.0,,,,,,,,,,peripheral
CFLAR,Apoptosis/cell death,0.173,0.000446,0.28655143085617,54.0,68.0345,7.0,4.548868135596613,4.390446964169765,0.14529222317199847,31.0,False,0.0433950683964495,0.1588114316464383,0.0007475514205425,0.0006890555982119,peripheral
MCL1,Apoptosis/cell death,0.29,0.0,0.1996963378542527,54.0,474.739,4.0,8.226850474284353,7.088702512899532,1.1068397696917738,7.0,False,0.1033279343695791,0.0290464434450411,0.0006532667493164,0.0004549186260809,peripheral
BCL2L1,Apoptosis/cell death,0.341,0.001714,0.1618499945643126,54.0,185.28,28.0,6.674206394833346,6.319563716246245,0.5787639995945155,16.0,False,0.8498311242697102,0.2557301878601005,0.0005538630057905,7.202593372039763e-05,mixed
FAS,Apoptosis/cell death,0.441,0.005041,0.4757691515598928,52.0,75.4398,32.0,3.915128862754481,3.2809391794645366,0.49421695675660365,22.0,False,0.052242415131372,0.0434969377634492,0.0009757962022662,0.0008756095105483,mixed
TP53,Apoptosis/cell death,0.469,0.025518,0.4138219845267873,54.0,72.9493,51.0,5.246442291939345,3.5996998590670715,1.4543803980536625,2.0,False,0.1306360302711061,0.1528237076096198,0.000961103715146,0.0006019339065822,core
CASP3,Apoptosis/cell death,0.686,0.058861,0.3660704810117754,54.0,73.5942,46.0,4.078908657478166,3.9573424647925166,0.17978206560056548,24.0,False,0.0902218859799151,0.0025932842581086,0.0009870157551554,0.0006688278017905,core
BCL2,Apoptosis/cell death,0.712,0.002648,0.5437071737162329,51.0,49.6889,43.0,2.6308457617882186,2.6738066999965873,-0.040664853766514485,24.0,False,0.0940945967113599,0.0482248402908877,0.0008126693989398,0.000737580629559,mixed
FASLG,Apoptosis/cell death,0.716,0.003212,0.9133773815168768,3.0,5.80301,31.0,0.0938063733051059,0.29991872780476647,-0.45747208950449963,34.0,False,0.0740310104571948,0.3515140511686583,0.0009215198493346,0.0002862140829837,mixed
BAX,Apoptosis/cell death,0.751,0.006247,0.3449678748457415,54.0,212.862,50.0,5.2549492312159884,5.067283604692985,0.21315702809811135,25.0,False,0.043528440278561,0.0488437264736382,0.0009532294922823,0.0008358417427448,mixed
CASP8,Apoptosis/cell death,0.811,0.019349,0.5546283686793935,40.0,26.7348,37.0,2.8411519374577314,2.133342911109905,0.6382748496990773,15.0,False,0.087346975119043,0.0999134676713378,0.0008693830254539,0.0006810981720327,core
CASP9,Apoptosis/cell death,0.974,0.014932,0.4335522914831163,54.0,56.4885,35.0,2.311892509197667,3.4151365082588514,-1.538822356762545,53.0,False,0.1938673816491974,0.0230845760937323,0.0013379115510136,0.0012223033210451,mixed
DFFB,Apoptosis/cell death,1.08,0.004969,0.3990006682663849,54.0,22.1073,1.0,2.02622286588097,2.7811488153685677,-1.1034644780081684,48.0,False,0.1546982727168155,0.0950148221222199,0.0019306620203756,0.0012192089159563,mixed
DFFA,Apoptosis/cell death,1.161,0.0,0.2281430302713593,54.0,27.7305,1.0,3.631558327992748,3.743868783292232,-0.2226540574753404,36.0,False,0.0737941604188315,0.0815332907270307,0.0008082698651368,0.0006285258004596,peripheral
BAK1,Apoptosis/cell death,1.369,0.013534,0.3444839819465023,54.0,56.6773,33.0,4.711368252289451,3.829491454375944,1.1780082427884953,7.0,False,0.1380053194733937,0.2682606754605519,0.0010841186127697,0.0003793902177836,mixed
BAD,Apoptosis/cell death,1.533,0.007595,0.1048168506964382,54.0,70.8418,43.0,5.660027278284768,5.528272071171046,0.26019481212117235,23.0,False,0.2650966761954818,0.1502177102903908,0.0004257682912177,0.0002699389682052,mixed
BBC3,Apoptosis/cell death,1.589,0.000238,0.3437081909404514,54.0,18.8635,9.0,3.8613599063221953,2.796468574704861,1.4503205025273098,7.0,False,0.3638006270029661,0.0964916538355324,0.0004032182141417,0.0003720380609,mixed
PMAIP1,Apoptosis/cell death,1.848,0.003967,0.790102335695914,37.0,188.434,7.0,4.717303535877832,1.549210967821582,2.7049952767818053,2.0,False,0.0582547349134577,0.103054308295039,0.0009584378412062,0.0006988564934821,mixed
BID,Apoptosis/cell death,1.917,0.003171,0.3652198965933882,54.0,74.762,24.0,3.504035569287065,4.008714622938684,-0.6356199738315528,39.0,False,0.1561853918263092,0.1623406851950586,0.0012591762618268,0.0006034449700856,mixed
MSN,Other,0.13,0.003457,0.2469794881062693,54.0,365.937,6.0,6.916822945224349,6.408005699519762,0.38244012595272825,24.0,False,,,,,peripheral
PPP3CA,Other,0.158,0.001635,0.3877295316096099,54.0,183.152,33.0,4.882956006881632,4.646119945556808,0.19073201685112537,18.0,False,0.1518185010529685,0.2736475925039587,0.0009309867148418,0.0003682943889159,mixed
PTGS2,Other,0.263,0.036779,0.6300283030277234,43.0,21.8843,23.0,1.4380905406730553,1.737085673778694,-0.27628272897312695,28.0,False,0.1211035174453665,0.0788613783928994,0.0010696641705759,0.0007467421856839,mixed
CDH2,Other,0.29,0.0,0.5567526791406003,41.0,67.453,4.0,0.3217768925239348,2.827527584523578,-1.4571753966574104,48.0,False,0.0839599042582374,0.1156638077155394,0.0006446213176841,0.0003806560994169,peripheral
PTGER4,Other,0.3,0.013502,0.4983623658664296,40.0,24.3929,7.0,2.855234276610674,2.3623883129064724,0.373084875621549,22.0,False,0.0054954487281056,0.2439875012609709,0.0008164896710989,0.0004662222406582,mixed
PIAS3,Other,0.301,0.0,0.2545572864652085,54.0,104.672,2.0,6.10462600858108,4.98455728683553,1.0192431463966727,13.0,False,0.0908641489312972,0.2192481011414072,0.0006411981413635,0.0002108519492452,peripheral
RDX,Other,0.348,0.000864,0.3747130442100861,54.0,182.218,5.0,4.114167099547026,4.7577533847945475,-0.7845860486601223,46.0,False,0.0563739900009107,0.0475283609973323,0.0009490859008452,0.0006387642579783,peripheral
SPTLC2,Other,0.39,0.009789,0.3416345061514632,54.0,49.8686,4.0,3.879891971695763,3.7546837547886587,0.1661576992662882,24.0,False,0.1559554012867967,0.0771843210169123,0.0013122933488362,0.0009037385017448,mixed
CCND1,Other,0.41,0.00252,0.4049353849713969,53.0,202.003,49.0,6.8060662260890314,4.475648072158489,1.827529281561662,2.0,False,0.1294696862720439,0.0088110259743023,0.0010833351384029,0.0008133344262663,mixed
GUCY1A2,Other,0.434,0.012109,0.626837625954895,39.0,16.0488,11.0,0.9072998782206388,1.6304323319131027,-0.7583202933604565,42.0,False,0.0680058130596855,0.0242892720989775,0.0008065830053521,0.0006814816431694,mixed
GAB1,Other,0.439,0.035806,0.4049111199920953,54.0,41.299,10.0,3.6592395722183197,3.2588366617310895,0.4735758912385534,16.0,False,0.147624894095379,0.0372746323410109,0.0007216825263976,0.0004272771568412,mixed
EZR,Other,0.44,0.000864,0.2389664282325373,54.0,351.107,8.0,8.230198208987149,6.424850110772017,1.7252191134974548,3.0,False,0.0923637310193354,0.0644455854168477,0.0013581608163891,0.0010629971145549,peripheral
RYR1,Other,0.456,0.016821,0.8410084844356746,22.0,423.538,8.0,1.997426101420393,1.5360230351502495,0.3099952473272443,16.0,False,0.0962508629288106,0.1787143347218178,0.0010232290631523,0.0008833070530959,mixed
CDK2,Other,0.485,0.0,0.4179516914323026,54.0,64.4682,19.0,4.909417905951693,3.4902844556146317,1.0703562308099364,7.0,False,0.0448993702023577,0.0778517646577635,0.0005290362225644,0.0003108003400699,mixed
PTGER3,Other,0.579,0.015133,0.7372490233928731,28.0,73.0253,6.0,3.4812860233751084,1.682756054917013,1.133130498420872,10.0,False,0.0595454325839576,0.0987646833902985,0.0010060251286784,0.0007304736339514,mixed
ICAM1,Other,0.618,0.0,0.541137422151303,53.0,217.444,19.0,4.127823095533119,3.613205543695291,0.33628158697618454,22.0,False,0.2032180586826795,0.0089097863282016,0.0006938433662834,0.0006450353357733,mixed
CDK4,Other,0.642,0.002808,0.2727201922573786,54.0,154.326,28.0,5.78870397906749,5.275754792656773,0.5204176106890863,22.0,False,0.1236036317272317,0.2320428551590887,0.0003450880533686,0.000525731730501,mixed
NOS2,Other,0.755,0.012598,0.6999755560974025,12.0,4.64759,19.0,0.4583988040004497,0.8111283489811418,-0.5788588083025769,38.0,False,0.1267771655051581,0.1764410969859533,0.0011195838127791,0.0006827755029652,mixed
ADCY4,Other,0.892,0.049397,0.4087160419998644,53.0,81.2412,52.0,4.299999222670656,3.8387232387205676,0.3001546324792027,21.0,False,0.1519730843894541,0.4420957706955419,0.0009474108062409,0.0004156789133763,core
F7,Other,0.902,0.0,0.9252508289626428,8.0,83.6402,1.0,0.6008720195755847,0.5995677112804524,0.001393436091279903,17.0,False,0.035999250247602,0.1211488379437434,0.000931157634723,0.000479560409867,peripheral
CYCS,Other,0.914,0.042746,0.2324786537663466,54.0,131.937,34.0,4.909441908584403,5.461587231830282,-0.7903891796308175,46.0,False,0.1329311923418304,0.0838864550372751,0.0008628190757305,0.0005401562970506,core
DUSP1,Other,0.917,0.054703,0.2474547647134473,54.0,1984.27,4.0,10.51635008702791,8.217962567085992,1.3583535681245094,3.0,False,0.0865115052827034,0.0701781428598868,0.0010969054933114,0.0009750624916514,mixed
F10,Other,0.97,0.0,0.5482300276770721,45.0,75.531,1.0,4.4929170922229344,2.8257325143363117,1.0159484240358987,9.0,False,0.1092933042493526,0.0786459480943278,0.0007356860883841,0.0003744712818055,peripheral
SPTLC1,Other,0.978,0.009789,0.2750562600910389,54.0,55.6405,4.0,5.053697855264331,4.191269251134819,1.1831395003377871,8.0,False,0.1764295095694181,0.0796368739626709,0.0010236666080347,0.0006849650030585,mixed
PTGER2,Other,0.982,0.013502,0.685231124953308,35.0,54.8665,7.0,1.5406720713424527,1.8421164247249315,-0.2058383578746437,28.0,False,0.0902535081453811,0.075351859694082,0.0011920667371311,0.0006843270891429,mixed
NOX1,Other,1.064,0.023568,0.91378059683551,4.0,26.5133,7.0,1.0983993442617008,0.4785173029732831,0.9497851624177512,3.0,False,,,,,mixed
SMPD1,Other,1.085,0.016409,0.1862283688620182,54.0,79.4135,5.0,5.869972549172359,5.127211715419631,1.3273347810478948,7.0,False,0.179834304385696,0.0571730803629737,0.0009401854779667,0.0003441904061427,mixed
CSF2RA,Other,1.119,0.010672,0.7508842607103321,39.0,47.509,4.0,1.4895994503669068,1.5022032209639224,-0.012695100598621395,17.0,False,,,,,mixed
GADD45A,Other,1.131,6e-05,0.3634809318146075,54.0,284.633,23.0,5.80226302307754,5.219612276358074,0.48406902320707157,21.0,False,0.0723202990479929,0.1001413259704,0.001192339902589,0.000629201504518,mixed
F2RL1,Other,1.327,0.024043,0.7305541664463513,28.0,61.6712,3.0,5.969730712354924,1.5491219388753854,3.2812293042146177,1.0,True,0.1257197912671845,0.0201968910125464,0.0009885096001414,0.0006371839868511,mixed
CDKN1A,Other,1.375,0.002607,0.2951326455030933,54.0,417.829,41.0,7.906199138559941,6.0765549944134385,1.161323572209388,8.0,False,0.0601162669812956,0.2341304340396192,0.0014019708654397,0.0005586898022694,mixed
MMP1,Other,1.525,0.000122,0.9449881216959036,6.0,51.8537,8.0,0.16499732603022738,0.3219481293718734,-0.24379681753676288,19.0,False,0.0306620620776112,0.2261190568769936,0.0008882240718763,0.0006393809505803,peripheral
SMPD2,Other,1.583,0.011324,0.4882158431575754,54.0,149.658,3.0,5.0511153870626435,3.7165825542451705,1.370004228217607,3.0,False,0.0965522303535713,0.0089198556299318,0.0005824296145684,0.0006064358798529,mixed
PTGER1,Other,1.584,0.015133,0.8417208292288969,15.0,37.0692,4.0,0.26562292210120214,0.9415552342671555,-0.733346612225389,46.0,False,0.1797971096946669,0.2791992839023288,0.001766586011318,0.0007792946149055,mixed
TPSAB1,Other,1.95,0.0,0.5772999819826887,36.0,92.6011,1.0,6.186534231756789,2.7741075100434913,1.4829660742984594,5.0,False,-0.0038786134991485,0.1192626016512457,0.002029639612647,0.0013715322500259,peripheral
